Optimal Solution,Cost
"[3.141605612769684, 3.141605612769684]",-0.999999999496179
"[3.00493129525403, 3.00493129525403]",-0.9454564937420827
"[3.1415956173083237, 3.1415956173083237]",-0.9999999999736491
