Optimal Solution,Cost
"[3.137858964293983, 3.137858964293983]",-0.9999581795348378
"[3.1347074250841587, 3.1347074250841587]",-0.9998577906234223
"[3.139420704620292, 3.139420704620292]",-0.9999858480094531
