Temperature,Optimal Solution,Cost
71.47986230140532,"[3.130736713396683, 3.130736713396683]",-0.9996465058664504
56.72025297766134,"[3.140782163606975, 3.140782163606975]",-0.9999980293198331
95.04474529011763,"[3.169022289419985, 3.169022289419985]",-0.9977452965396129
